City_ID,City,Country,Date,Lat,Lng,Max Temp,Humidity,Cloudiness,Wind Speed
0,Dikson,RU,2021-09-21 19:57:16,73.5069,80.5464,33.82,73,100,1.34
1,Fort Frances,CA,2021-09-21 19:52:32,48.5999,-93.4003,61.16,57,75,1.01
2,Olenino,RU,2021-09-21 19:57:17,56.2092,33.4889,39.2,98,100,8.28
3,Atuona,PF,2021-09-21 19:57:17,-9.8,-139.0333,77.9,71,30,23.06
4,Itarema,BR,2021-09-21 19:57:02,-2.9248,-39.9167,80.76,70,16,17.67
5,Lumby,CA,2021-09-21 19:57:17,50.2498,-118.969,67.73,29,6,3.29
6,Ushuaia,AR,2021-09-21 19:57:13,-54.8,-68.3,51.42,76,75,8.05
7,Tautira,PF,2021-09-21 19:57:18,-17.7333,-149.15,80.62,74,6,9.4
8,Sitka,US,2021-09-21 19:57:18,57.0531,-135.33,55.29,88,90,13.8
9,Butaritari,KI,2021-09-21 19:57:19,3.0707,172.7902,83.16,70,93,15.75
10,Hermanus,ZA,2021-09-21 19:57:19,-34.4187,19.2345,56.89,79,11,11.5
11,Bonthe,SL,2021-09-21 19:57:20,7.5264,-12.505,79.27,83,100,6.2
12,Carauari,BR,2021-09-21 19:57:21,-4.8828,-66.8958,80.42,77,99,3.71
13,Lanzhou,CN,2021-09-21 19:57:21,36.0564,103.7922,60.08,55,100,2.68
14,Beringovskiy,RU,2021-09-21 19:57:22,63.05,179.3167,37.62,98,100,11.41
15,Guna,IN,2021-09-21 19:57:22,24.65,77.3167,73.89,95,55,6.02
16,Caravelas,BR,2021-09-21 19:57:22,-17.7125,-39.2481,76.84,80,6,12.24
17,Gornyy,RU,2021-09-21 19:57:23,55.1153,83.9059,36.79,98,100,8.12
18,Bluff,NZ,2021-09-21 19:57:23,-46.6,168.3333,44.8,69,60,19.84
19,Puerto Ayora,EC,2021-09-21 19:57:23,-0.7393,-90.3518,76.96,83,74,7.0
20,Richards Bay,ZA,2021-09-21 19:57:24,-28.783,32.0377,63.93,71,94,9.66
21,Lulea,SE,2021-09-21 19:52:28,65.5842,22.1547,44.67,76,75,9.22
22,Constitucion,CL,2021-09-21 19:57:24,-35.3333,-72.4167,56.84,77,17,10.54
23,Port Alfred,ZA,2021-09-21 19:57:25,-33.5906,26.891,57.09,75,98,1.32
24,Karakol,KG,2021-09-21 19:57:25,42.4907,78.3936,51.17,54,1,3.04
25,Mount Isa,AU,2021-09-21 19:57:25,-20.7333,139.5,55.17,19,37,17.27
26,Marinette,US,2021-09-21 19:57:26,45.1,-87.6307,69.31,50,100,14.83
27,Rikitea,PF,2021-09-21 19:53:25,-23.1203,-134.9692,73.76,71,1,13.8
28,Kavieng,PG,2021-09-21 19:57:26,-2.5744,150.7967,81.03,77,99,9.64
29,Chicla,PE,2021-09-21 19:57:26,-11.705,-76.2686,51.69,56,87,7.2
30,Konya,TR,2021-09-21 19:57:27,38.1667,32.5,66.22,44,4,8.55
31,Thompson,CA,2021-09-21 19:57:27,55.7435,-97.8558,44.76,65,75,4.61
32,Oyem,GA,2021-09-21 19:57:27,1.5995,11.5793,68.04,98,17,2.89
33,Ilo,PE,2021-09-21 19:57:28,-17.6394,-71.3375,63.46,72,0,11.5
34,Waingapu,ID,2021-09-21 19:57:28,-9.6567,120.2641,77.41,83,51,11.18
35,Provideniya,RU,2021-09-21 19:57:28,64.3833,-173.3,32.11,69,75,13.42
36,Sangmelima,CM,2021-09-21 19:57:29,2.9333,11.9833,68.09,98,11,3.38
37,Mataura,NZ,2021-09-21 19:57:29,-46.1927,168.8643,44.47,89,28,1.57
38,Bengkulu,ID,2021-09-21 19:52:47,-3.8004,102.2655,74.59,91,100,4.29
39,Longyearbyen,SJ,2021-09-21 19:57:30,78.2186,15.6401,42.64,93,75,1.14
40,Busselton,AU,2021-09-21 19:57:30,-33.65,115.3333,47.08,74,0,4.09
41,Faanui,PF,2021-09-21 19:57:30,-16.4833,-151.75,78.33,72,11,8.84
42,Rockhampton,AU,2021-09-21 19:57:31,-23.3833,150.5,51.69,35,0,8.05
43,Mar Del Plata,AR,2021-09-21 19:57:31,-38.0023,-57.5575,52.54,59,0,8.12
44,Hobart,AU,2021-09-21 19:57:31,-42.8794,147.3294,55.26,79,42,17.27
45,Mahebourg,MU,2021-09-21 19:57:32,-20.4081,57.7,70.09,68,40,13.8
46,Thunder Bay,CA,2021-09-21 19:57:32,48.4001,-89.3168,62.56,53,75,12.66
47,Phan Thiet,VN,2021-09-21 19:55:08,10.9333,108.1,77.31,87,100,7.23
48,East London,ZA,2021-09-21 19:52:39,-33.0153,27.9116,60.42,59,100,1.21
49,Mayumba,GA,2021-09-21 19:57:33,-3.432,10.6554,75.9,85,99,2.46
50,Requena,ES,2021-09-21 19:57:33,39.4883,-1.1004,60.58,79,79,9.8
51,Waipawa,NZ,2021-09-21 19:57:33,-41.4122,175.5153,53.46,84,100,6.2
52,Hasaki,JP,2021-09-21 19:57:34,35.7333,140.8333,70.2,87,100,0.78
53,Bubaque,GW,2021-09-21 19:57:34,11.2833,-15.8333,81.97,80,100,8.59
54,Banjar,ID,2021-09-21 19:57:35,-8.19,114.9675,80.46,88,99,2.13
55,Cidreira,BR,2021-09-21 19:57:35,-30.1811,-50.2056,60.58,62,66,17.83
56,Sabha,LY,2021-09-21 19:57:35,27.0377,14.4283,87.76,14,0,9.13
57,Kapaa,US,2021-09-21 19:57:36,22.0752,-159.319,81.12,59,27,3.0
58,Maniitsoq,GL,2021-09-21 19:57:36,65.4167,-52.9,33.91,66,95,3.47
59,Geraldton,AU,2021-09-21 19:57:36,-28.7667,114.6,54.01,37,0,13.8
60,Pangoa,PE,2021-09-21 19:57:37,-12.1167,-73.0,84.34,52,100,2.3
61,Bredasdorp,ZA,2021-09-21 19:57:37,-34.5322,20.0403,51.28,76,3,5.75
62,Darnah,LY,2021-09-21 19:57:37,32.767,22.6367,79.48,71,0,8.99
63,Ilulissat,GL,2021-09-21 19:57:38,69.2167,-51.1,25.81,90,94,1.83
64,Vostok,RU,2021-09-21 19:57:38,46.4856,135.8833,50.13,98,95,2.44
65,Arraial Do Cabo,BR,2021-09-21 19:57:39,-22.9661,-42.0278,73.36,94,75,34.52
66,Castro,BR,2021-09-21 19:57:39,-24.7911,-50.0119,76.6,59,72,10.09
67,Sept-Iles,CA,2021-09-21 19:53:55,50.2001,-66.3821,64.92,74,75,4.0
68,Lasa,IT,2021-09-21 19:57:39,46.6166,10.7002,55.02,83,28,4.43
69,Isangel,VU,2021-09-21 19:57:40,-19.55,169.2667,71.71,83,95,6.91
70,Saint-Philippe,RE,2021-09-21 19:57:40,-21.3585,55.7679,65.79,75,41,9.91
71,Hilo,US,2021-09-21 19:53:26,19.7297,-155.09,85.28,88,90,3.44
72,Jamestown,US,2021-09-21 19:54:32,42.097,-79.2353,74.01,63,1,5.99
73,Canton,CN,2021-09-21 19:55:01,23.1167,113.25,82.35,70,99,4.74
74,Albany,US,2021-09-21 19:53:34,42.6001,-73.9662,74.37,62,92,9.19
75,Tuktoyaktuk,CA,2021-09-21 19:57:41,69.4541,-133.0374,37.4,65,90,14.97
76,Begoro,GH,2021-09-21 19:57:41,6.3871,-0.3774,72.3,93,70,3.74
77,Victoria,HK,2021-09-21 19:55:50,22.2855,114.1577,85.32,84,97,4.65
78,Punta Arenas,CL,2021-09-21 19:53:27,-53.15,-70.9167,57.31,58,0,20.71
79,Cape Town,ZA,2021-09-21 19:56:37,-33.9258,18.4232,57.61,76,0,3.0
80,Kaitangata,NZ,2021-09-21 19:57:42,-46.2817,169.8464,43.3,80,13,6.06
81,Vaini,TO,2021-09-21 19:57:42,-21.2,-175.2,71.76,83,75,8.05
82,Tessalit,ML,2021-09-21 19:57:43,20.1986,1.0114,93.78,8,1,9.93
83,Kudahuvadhoo,MV,2021-09-21 19:57:43,2.6708,72.8944,83.5,74,10,15.46
84,Weligama,LK,2021-09-21 19:57:44,5.9667,80.4167,77.81,89,17,9.19
85,Nome,US,2021-09-21 19:57:44,64.5011,-165.4064,33.4,65,100,5.35
86,Farim,GW,2021-09-21 19:57:44,12.4839,-15.2217,86.29,93,87,7.47
87,Trairi,BR,2021-09-21 19:57:45,-3.2778,-39.2689,80.28,69,14,14.14
88,Paamiut,GL,2021-09-21 19:57:45,61.994,-49.6678,34.59,56,100,4.54
89,Sao Joao Da Barra,BR,2021-09-21 19:57:45,-21.6403,-41.0511,91.49,71,9,12.12
90,Zhangye,CN,2021-09-21 19:57:46,38.9342,100.4517,66.06,29,98,1.41
91,Sibolga,ID,2021-09-21 19:57:46,1.7427,98.7792,75.2,84,61,3.06
92,Ortakoy,TR,2021-09-21 19:57:47,38.7373,34.0387,64.65,45,4,3.83
93,Alugan,PH,2021-09-21 19:57:47,12.2188,125.4808,77.77,88,99,4.59
94,Bundaberg,AU,2021-09-21 19:57:47,-24.85,152.35,51.22,49,0,5.01
95,Fairbanks,US,2021-09-21 19:57:37,64.8378,-147.7164,35.6,65,75,3.44
96,Changying,CN,2021-09-21 19:57:48,52.8733,123.3213,44.67,92,80,1.97
97,Codrington,AU,2021-09-21 19:57:48,-38.2667,141.9667,50.7,94,100,6.96
98,Boone,US,2021-09-21 19:57:48,39.0334,-92.3335,71.85,57,70,3.0
99,Qaqortoq,GL,2021-09-21 19:57:49,60.7167,-46.0333,37.49,68,100,6.51
100,Bethel,US,2021-09-21 19:57:49,41.3712,-73.414,76.35,75,83,1.01
101,Avarua,CK,2021-09-21 19:57:50,-21.2078,-159.775,77.05,78,75,4.61
102,Iqaluit,CA,2021-09-21 19:57:51,63.7506,-68.5145,35.33,87,90,3.44
103,Saskylakh,RU,2021-09-21 19:57:51,71.9167,114.0833,31.77,89,100,7.52
104,New Norfolk,AU,2021-09-21 19:57:52,-42.7826,147.0587,54.9,75,70,1.01
105,Shimoda,JP,2021-09-21 19:57:52,34.6667,138.95,75.31,86,100,4.85
106,Tasiilaq,GL,2021-09-21 19:57:53,65.6145,-37.6368,26.2,60,100,5.3
107,Rundu,NA,2021-09-21 19:57:53,-17.9333,19.7667,77.7,20,4,5.5
108,Ixtapa,MX,2021-09-21 19:57:53,20.7,-105.2,88.23,71,32,5.01
109,Barrow,US,2021-09-21 19:57:54,71.2906,-156.7887,33.82,69,90,21.85
110,Tuatapere,NZ,2021-09-21 19:57:54,-46.1333,167.6833,44.82,87,16,3.71
111,Belaya Kholunitsa,RU,2021-09-21 19:57:54,58.84,50.8528,31.73,94,45,5.21
112,Khatanga,RU,2021-09-21 19:57:55,71.9667,102.5,29.88,95,57,11.07
113,Dawei,MM,2021-09-21 19:57:56,14.0833,98.2,75.02,97,100,9.95
114,Port Macquarie,AU,2021-09-21 19:57:56,-31.4333,152.9167,49.96,71,38,15.57
115,Gamba,GA,2021-09-21 19:57:57,-2.65,10.0,75.51,85,100,4.5
116,Priyutnoye,RU,2021-09-21 19:57:57,46.1011,43.5072,63.28,85,100,6.4
117,Severo-Kurilsk,RU,2021-09-21 19:57:57,50.6789,156.125,48.16,86,27,12.41
118,Klobuck,PL,2021-09-21 19:57:58,50.9008,18.9367,50.65,78,100,6.82
119,Morbegno,IT,2021-09-21 19:57:58,46.1383,9.57,65.39,78,11,3.33
120,Chapais,CA,2021-09-21 19:57:58,49.7834,-74.8492,71.38,62,71,17.02
121,Chuy,UY,2021-09-21 19:57:59,-33.6971,-53.4616,55.62,73,7,13.22
122,Ovruch,UA,2021-09-21 19:57:59,51.3246,28.8035,41.32,95,100,11.74
123,Bam,IR,2021-09-21 19:58:00,29.106,58.357,85.59,18,41,5.46
124,Gaithersburg,US,2021-09-21 19:58:00,39.1434,-77.2014,79.65,77,100,3.0
125,Susangerd,IR,2021-09-21 19:58:00,31.5608,48.1831,91.42,17,0,11.36
126,Biak,ID,2021-09-21 19:58:01,-0.9131,122.8766,71.31,89,100,4.92
127,Lebu,CL,2021-09-21 19:58:01,-37.6167,-73.65,56.03,64,0,6.87
128,Mitchell,US,2021-09-21 19:58:01,43.7094,-98.0298,68.11,40,1,5.01
129,Maneadero,MX,2021-09-21 19:58:02,31.7167,-116.5667,77.11,76,16,1.99
130,Namibe,AO,2021-09-21 19:58:02,-15.1961,12.1522,63.14,86,39,1.88
131,Marsa Matruh,EG,2021-09-21 19:58:02,31.3525,27.2453,79.0,89,75,9.22
132,Half Moon Bay,US,2021-09-21 19:58:03,37.4636,-122.4286,98.58,29,1,5.75
133,Vanimo,PG,2021-09-21 19:58:03,-2.6741,141.3028,76.78,90,100,2.68
134,Te Anau,NZ,2021-09-21 19:58:04,-45.4167,167.7167,39.52,92,51,0.58
135,Carnarvon,AU,2021-09-21 19:58:04,-24.8667,113.6333,53.67,94,0,6.91
136,Quatre Cocos,MU,2021-09-21 19:58:04,-20.2078,57.7625,69.91,72,11,12.59
137,Frankfort,ZA,2021-09-21 19:58:05,-27.2667,28.4833,54.18,72,0,12.53
138,Vao,NC,2021-09-21 19:58:05,-22.6667,167.4833,71.31,79,85,13.65
139,Lagoa,PT,2021-09-21 19:58:05,39.05,-27.9833,70.32,76,0,17.05
140,Murray Bridge,AU,2021-09-21 19:58:06,-35.1167,139.2667,51.85,92,78,7.18
141,Chokurdakh,RU,2021-09-21 19:58:06,70.6333,147.9167,26.91,75,88,8.34
142,Laiwu,CN,2021-09-21 19:58:06,36.1928,117.6569,64.83,84,0,2.28
143,Yar-Sale,RU,2021-09-21 19:58:07,66.8333,70.8333,35.19,83,100,10.07
144,Plouzane,FR,2021-09-21 19:58:07,48.3833,-4.6167,60.08,88,90,8.05
145,Noumea,NC,2021-09-21 19:58:07,-22.2763,166.4572,66.18,73,11,4.68
146,Seda,LV,2021-09-21 19:58:08,57.65,25.75,43.05,94,100,5.97
147,Dawson Creek,CA,2021-09-21 19:55:03,55.7666,-120.2362,62.56,48,20,23.02
148,Batagay-Alyta,RU,2021-09-21 19:58:08,67.8006,130.4114,30.65,89,100,2.57
149,Angoche,MZ,2021-09-21 19:58:09,-16.2325,39.9086,74.82,81,0,8.88
150,Altamira,BR,2021-09-21 19:58:09,-3.2033,-52.2064,93.29,52,75,4.61
151,Bukene,TZ,2021-09-21 19:58:09,-4.2333,32.8833,79.03,33,82,4.52
152,Cabrobo,BR,2021-09-21 19:58:10,-8.5142,-39.31,91.87,25,11,4.61
153,Bosaso,SO,2021-09-21 19:58:10,11.2842,49.1816,88.32,67,5,3.67
154,Pascagoula,US,2021-09-21 19:58:10,30.3658,-88.5561,90.72,82,24,7.47
155,Utica,US,2021-09-21 19:58:11,43.1009,-75.2327,75.34,66,100,4.0
156,Najran,SA,2021-09-21 19:58:11,17.4924,44.1277,77.65,34,55,3.65
157,Cherskiy,RU,2021-09-21 19:58:11,68.75,161.3,27.34,68,100,5.1
158,Lokosovo,RU,2021-09-21 19:58:12,61.1333,74.8167,34.88,98,100,6.62
159,Gordeyevka,RU,2021-09-21 19:58:12,52.9569,31.9703,41.41,96,100,12.88
160,Luderitz,NA,2021-09-21 19:58:12,-26.6481,15.1594,66.69,44,11,8.25
161,Aklavik,CA,2021-09-21 19:58:13,68.2191,-135.0107,38.23,82,100,13.4
162,Cayenne,GF,2021-09-21 19:58:13,4.9333,-52.3333,89.64,76,40,7.0
163,La Ronge,CA,2021-09-21 19:56:45,55.1001,-105.2842,59.25,58,75,8.05
164,Lora Del Rio,ES,2021-09-21 19:58:14,37.659,-5.5275,76.55,61,3,5.73
165,Nikolskoye,RU,2021-09-21 19:58:14,59.7035,30.7861,44.49,81,100,5.5
166,Yellowknife,CA,2021-09-21 19:58:14,62.456,-114.3525,50.52,71,90,16.11
167,Hithadhoo,MV,2021-09-21 19:58:15,-0.6,73.0833,82.8,76,100,15.48
168,Salalah,OM,2021-09-21 19:58:15,17.0151,54.0924,79.32,84,29,4.41
169,Talnakh,RU,2021-09-21 19:58:15,69.4865,88.3972,30.09,86,23,3.44
170,Abu Samrah,SY,2021-09-21 19:58:16,35.3029,37.1841,77.52,35,0,7.34
171,Atasu,KZ,2021-09-21 19:58:16,48.6814,71.6433,37.6,58,23,7.81
172,Tombouctou,ML,2021-09-21 19:58:16,20.0,-3.0,97.7,8,5,4.07
173,Klaksvik,FO,2021-09-21 19:58:17,62.2266,-6.589,54.52,94,100,41.43
174,Kamenka,RU,2021-09-21 19:58:17,51.3223,42.7678,52.0,77,100,4.76
175,San Quintin,MX,2021-09-21 19:58:17,30.4833,-115.95,80.82,53,0,11.9
176,Qaanaaq,GL,2021-09-21 19:58:18,77.484,-69.3632,14.07,72,14,6.85
177,Roald,NO,2021-09-21 19:58:18,62.5833,6.1333,58.33,67,75,19.57
178,Suclayin,PH,2021-09-21 19:58:19,15.7568,121.5503,76.32,94,100,1.03
179,Nanortalik,GL,2021-09-21 19:58:19,60.1432,-45.2371,36.77,78,96,14.23
180,Nador,MA,2021-09-21 19:58:19,35.174,-2.9287,73.47,88,75,12.66
181,Mount Gambier,AU,2021-09-21 19:57:14,-37.8333,140.7667,48.11,100,90,6.91
182,Balabac,PH,2021-09-21 19:58:20,7.9868,117.0645,78.08,90,100,17.69
183,Nelson Bay,AU,2021-09-21 19:58:20,-32.7167,152.15,49.95,91,53,17.98
184,Talcahuano,CL,2021-09-21 19:58:21,-36.7167,-73.1167,56.88,77,75,19.57
185,Hambantota,LK,2021-09-21 19:58:21,6.1241,81.1185,79.12,83,32,14.63
186,Port Hardy,CA,2021-09-21 19:58:21,50.6996,-127.4199,60.98,77,90,8.05
187,Tiksi,RU,2021-09-21 19:58:22,71.6872,128.8694,33.48,72,100,2.28
188,Kasongo-Lunda,CD,2021-09-21 19:58:22,-6.4667,16.8167,80.17,51,8,2.98
189,Kodiak,US,2021-09-21 19:54:32,57.79,-152.4072,43.9,47,0,29.24
190,Mitu,CO,2021-09-21 19:58:22,1.1983,-70.1733,80.22,86,100,1.52
191,Ikongo,MG,2021-09-21 19:58:23,-21.8833,47.4333,64.11,97,71,2.55
192,Berlevag,NO,2021-09-21 19:58:23,70.8578,29.0864,42.75,56,0,34.52
193,Aku,NG,2021-09-21 19:58:23,6.7081,7.3167,78.87,99,100,0.98
194,Hami,CN,2021-09-21 19:58:24,42.8,93.45,68.94,27,88,4.14
195,Terney,RU,2021-09-21 19:58:24,45.0503,136.6092,56.3,94,100,7.94
196,Dom Pedrito,BR,2021-09-21 19:58:24,-30.9828,-54.6731,58.93,67,13,11.07
197,Salinas,US,2021-09-21 19:58:25,36.6777,-121.6555,100.56,34,0,6.02
198,Guerrero Negro,MX,2021-09-21 19:58:25,27.9769,-114.0611,86.76,45,6,7.63
199,Altay,CN,2021-09-21 19:58:26,47.8667,88.1167,36.54,47,1,3.31
200,Taoudenni,ML,2021-09-21 19:58:26,22.6783,-3.9836,102.34,7,0,8.25
201,Alofi,NU,2021-09-21 19:58:26,-19.0595,-169.9187,73.29,100,34,4.61
202,Kirakira,SB,2021-09-21 19:58:27,-10.4544,161.9205,78.8,85,80,5.37
203,Souillac,MU,2021-09-21 19:58:27,-20.5167,57.5167,70.18,68,40,13.8
204,Mareeba,AU,2021-09-21 19:58:28,-17.0,145.4333,66.92,41,59,3.53
205,Tambovka,RU,2021-09-21 19:58:28,50.0969,128.0489,42.91,78,100,7.65
206,Muros,ES,2021-09-21 19:58:28,42.7762,-9.0603,66.15,67,0,15.39
207,Mobaye,CF,2021-09-21 19:58:29,4.319,21.1786,69.6,95,75,3.15
208,Kahului,US,2021-09-21 19:53:36,20.8947,-156.47,82.42,58,40,19.57
209,Port-Gentil,GA,2021-09-21 19:58:29,-0.7193,8.7815,78.76,78,20,11.5
210,Seymchan,RU,2021-09-21 19:58:29,62.8833,152.4333,29.53,92,96,2.93
211,San Rafael Del Sur,NI,2021-09-21 19:58:30,11.8485,-86.4384,76.17,59,87,8.81
212,Gorele,TR,2021-09-21 19:58:30,41.0308,39.0031,69.24,90,100,10.04
213,Contamana,PE,2021-09-21 19:58:30,-7.3333,-75.0167,95.54,38,82,4.05
214,Broome,US,2021-09-21 19:58:31,42.2506,-75.833,74.01,64,100,1.99
215,Mayo,US,2021-09-21 19:58:31,38.8876,-76.5119,82.74,69,100,7.0
216,Torbay,CA,2021-09-21 19:58:31,47.6666,-52.7314,61.88,62,75,16.11
217,Chimbote,PE,2021-09-21 19:58:32,-9.0853,-78.5783,66.87,75,14,11.34
218,Milverton,CA,2021-09-21 19:58:32,43.5668,-80.9164,70.02,77,98,16.44
219,Chincha Alta,PE,2021-09-21 19:58:32,-13.4099,-76.1323,68.59,66,22,8.59
220,Kungurtug,RU,2021-09-21 19:58:33,50.5994,97.5228,32.5,83,100,2.21
221,Margate,GB,2021-09-21 19:58:33,51.3813,1.3862,60.96,76,100,1.01
222,Uray,RU,2021-09-21 19:58:33,60.1247,64.7758,41.9,84,100,7.54
223,Fukue,JP,2021-09-21 19:58:34,32.6881,128.8419,75.49,74,0,11.56
224,Yelandur,IN,2021-09-21 19:58:34,12.0667,77.0333,69.89,94,24,4.09
225,Prince Rupert,CA,2021-09-21 19:58:34,54.3161,-130.3201,57.29,88,90,14.97
226,Kununurra,AU,2021-09-21 19:54:16,-15.7667,128.7333,80.58,14,100,14.97
227,Lewistown,US,2021-09-21 19:58:35,40.5992,-77.5714,76.42,73,75,0.0
228,Nowy Tomysl,PL,2021-09-21 19:58:36,52.3195,16.1284,51.58,86,100,6.33
229,Beidao,CN,2021-09-21 19:58:36,34.5686,105.8933,61.79,90,30,3.71
230,Xapuri,BR,2021-09-21 19:58:36,-10.6517,-68.5044,90.25,28,69,2.53
231,Smirnykh,RU,2021-09-21 19:58:37,49.75,142.8333,48.52,73,100,1.99
232,Seoul,KR,2021-09-21 19:58:37,37.5683,126.9778,67.48,97,75,5.75
233,Walcourt,BE,2021-09-21 19:58:38,50.2539,4.4352,55.49,83,99,3.0
234,Port Elizabeth,ZA,2021-09-21 19:58:38,-33.918,25.5701,52.11,87,40,0.0
235,Wakkanai,JP,2021-09-21 19:58:38,45.4094,141.6739,59.68,90,100,10.42
236,Damghan,IR,2021-09-21 19:58:39,36.1683,54.348,73.98,41,0,3.31
237,High Rock,BS,2021-09-21 19:58:39,26.6208,-78.2833,84.22,66,100,4.43
238,Bandarbeyla,SO,2021-09-21 19:58:39,9.4942,50.8122,78.53,76,100,25.75
239,Cacak,RS,2021-09-21 19:58:40,43.8914,20.3497,55.0,82,91,3.13
240,Lorengau,PG,2021-09-21 19:58:40,-2.0226,147.2712,80.26,79,100,4.76
241,Norman Wells,CA,2021-09-21 19:58:41,65.282,-126.8329,46.44,71,75,19.57
242,Narsaq,GL,2021-09-21 19:58:41,60.9167,-46.05,38.48,52,100,1.54
243,Saint Anthony,US,2021-09-21 19:58:41,45.0205,-93.218,68.25,52,40,5.01
244,Ponta Do Sol,PT,2021-09-21 19:58:42,32.6667,-17.1,74.03,58,72,5.19
245,Inhambane,MZ,2021-09-21 19:58:43,-23.865,35.3833,70.02,76,80,18.66
246,Yinchuan,CN,2021-09-21 19:58:43,38.4681,106.2731,71.22,20,100,3.96
247,Adrar,MR,2021-09-21 19:58:44,20.5022,-10.0711,96.33,12,1,15.61
248,Fuyu,CN,2021-09-21 19:58:44,45.1833,124.8167,53.98,96,100,11.05
249,Belokurikha,RU,2021-09-21 19:58:44,51.9959,84.9896,34.43,84,64,5.44
250,Mehamn,NO,2021-09-21 19:58:45,71.0357,27.8492,42.71,69,8,23.04
251,Matagami,CA,2021-09-21 19:58:45,49.7502,-77.6328,69.91,88,90,16.11
252,Pafos,CY,2021-09-21 19:58:45,34.7667,32.4167,78.71,83,20,3.44
253,Ancud,CL,2021-09-21 19:58:46,-41.8697,-73.8203,62.13,67,0,3.94
254,Asau,RO,2021-09-21 19:58:46,46.4333,26.4,49.12,88,33,2.68
255,Rawson,AR,2021-09-21 19:58:46,-43.3002,-65.1023,72.12,20,0,22.46
256,Senneterre,CA,2021-09-21 19:58:47,48.3835,-77.2328,70.02,72,100,15.39
257,Airai,TL,2021-09-21 19:58:47,-8.9266,125.4092,59.9,77,67,3.51
258,Jinchang,CN,2021-09-21 19:58:47,38.4953,102.1739,67.06,26,100,3.29
259,Toul,FR,2021-09-21 19:57:38,48.6667,5.9167,57.49,85,0,4.61
260,Santa Cruz,BO,2021-09-21 19:55:48,-17.8,-63.1667,86.05,37,20,21.85
261,Talara,PE,2021-09-21 19:58:48,-4.5772,-81.2719,74.16,68,0,18.41
262,Saint-Francois,FR,2021-09-21 19:58:48,46.4154,3.9054,55.47,94,0,1.14
263,Dutse,NG,2021-09-21 19:58:49,11.7594,9.3392,81.95,57,93,9.17
264,Pantai Remis,MY,2021-09-21 19:58:49,4.4557,100.6288,79.16,87,54,4.7
265,Laguna,US,2021-09-21 19:56:04,38.421,-121.4238,97.43,28,1,1.01
266,Kangundo,KE,2021-09-21 19:58:50,-1.2979,37.3471,68.9,81,98,9.84
267,Jiazi,CN,2021-09-21 19:58:50,22.8779,116.067,81.82,82,100,1.99
268,Pisco,PE,2021-09-21 19:58:51,-13.7,-76.2167,69.85,64,0,10.36
269,Gat,IL,2021-09-21 19:58:51,31.61,34.7642,81.39,68,0,5.84
270,Namatanai,PG,2021-09-21 19:58:51,-3.6667,152.4333,78.17,84,100,4.63
271,Linxia,CN,2021-09-21 19:58:52,35.6003,103.2064,59.61,58,100,1.99
272,Saint-Pierre,RE,2021-09-21 19:58:52,-21.3393,55.4781,65.88,63,0,5.75
273,San Lorenzo,PY,2021-09-21 19:58:52,-25.3333,-57.5333,65.34,82,90,17.27
274,Mogadishu,SO,2021-09-21 19:57:32,2.0371,45.3438,77.04,84,50,15.14
275,Tual,ID,2021-09-21 19:58:53,-5.6667,132.75,80.83,79,100,19.98
276,Auki,SB,2021-09-21 19:58:53,-8.7676,160.7034,77.41,87,77,3.31
277,Walvis Bay,NA,2021-09-21 19:58:54,-22.9575,14.5053,53.1,93,13,3.44
278,Timizart,DZ,2021-09-21 19:58:54,36.8,4.2667,65.5,85,100,7.29
279,Vryburg,ZA,2021-09-21 19:58:54,-26.9566,24.7284,57.63,12,0,8.55
280,Khasan,RU,2021-09-21 19:58:55,42.4308,130.6434,63.64,96,62,2.86
281,Houma,US,2021-09-21 19:58:55,29.5958,-90.7195,89.98,69,23,4.18
282,Bathsheba,BB,2021-09-21 19:58:55,13.2167,-59.5167,90.21,62,40,11.5
283,Calvinia,ZA,2021-09-21 19:58:56,-31.4707,19.776,56.59,16,0,4.79
284,Winona,US,2021-09-21 19:58:56,43.9666,-91.7668,68.45,49,40,12.66
285,Leningradskiy,RU,2021-09-21 19:58:57,69.3833,178.4167,24.03,87,99,13.02
286,Mikhaylovka,RU,2021-09-21 19:58:57,50.06,43.2379,52.95,74,84,0.58
287,Santarem,BR,2021-09-21 19:58:57,-2.4431,-54.7083,89.73,66,75,8.05
288,Cabra,ES,2021-09-21 19:58:58,37.4725,-4.4421,70.39,79,53,4.9
289,Krasnoselkup,RU,2021-09-21 19:58:58,65.7,82.4667,28.44,93,86,11.86
290,Iranshahr,IR,2021-09-21 19:58:58,27.2025,60.6848,95.34,28,20,13.8
291,Georgetown,MY,2021-09-21 19:58:59,5.4112,100.3354,79.9,90,20,4.61
292,Fayetteville,US,2021-09-21 19:58:52,35.0527,-78.8784,77.88,95,90,3.0
293,Severo-Yeniseyskiy,RU,2021-09-21 19:58:59,60.3725,93.0408,31.77,96,100,3.29
294,Yulara,AU,2021-09-21 19:54:57,-25.2406,130.9889,48.04,40,41,6.91
295,Palm City,US,2021-09-21 19:54:20,27.1678,-80.2662,82.08,88,90,3.44
296,Lakes Entrance,AU,2021-09-21 19:59:00,-37.8811,147.981,48.58,78,100,12.8
297,Avera,US,2021-09-21 19:59:00,33.194,-82.5271,84.94,69,85,5.75
298,Axim,GH,2021-09-21 19:59:01,4.8699,-2.2405,76.46,91,84,8.01
299,Kurilsk,RU,2021-09-21 19:59:01,45.2333,147.8833,57.24,94,100,9.98
300,Canto Do Buriti,BR,2021-09-21 19:59:01,-8.11,-42.9444,97.56,16,12,5.7
301,Raga,SS,2021-09-21 19:59:02,8.4596,25.678,69.67,97,90,2.15
302,Orange,US,2021-09-21 19:59:02,33.7,-117.7675,107.44,61,2,7.67
303,Oranjemund,NA,2021-09-21 19:59:03,-28.55,16.4333,63.86,48,1,8.16
304,Santa Marta,CO,2021-09-21 19:58:29,11.2408,-74.199,85.73,71,100,13.76
305,Viedma,AR,2021-09-21 19:59:04,-40.8135,-62.9967,71.11,19,0,12.55
306,Rotifunk,SL,2021-09-21 19:59:04,8.2333,-12.6833,75.97,95,100,3.22
307,Azare,NG,2021-09-21 19:59:05,11.6765,10.1948,78.66,69,65,4.23
308,Kenai,US,2021-09-21 19:59:05,60.5544,-151.2583,45.03,45,25,11.59
309,Santa Maria,BR,2021-09-21 19:59:06,-29.6842,-53.8069,65.5,52,40,8.05
310,San Carlos,VE,2021-09-21 19:55:20,9.6612,-68.5827,79.95,89,100,1.12
311,Mahon,ES,2021-09-21 19:59:06,39.8885,4.2658,68.56,77,75,6.91
312,Arlit,NE,2021-09-21 19:59:06,18.7369,7.3853,96.04,10,0,5.44
313,Zhigansk,RU,2021-09-21 19:59:07,66.7697,123.3711,36.75,82,100,11.92
314,Troitsko-Pechorsk,RU,2021-09-21 19:59:07,62.7084,56.1964,40.93,76,100,6.11
315,Tazovskiy,RU,2021-09-21 19:59:07,67.4667,78.7,34.57,75,100,14.88
316,Belaya Gora,RU,2021-09-21 19:59:08,68.5333,146.4167,29.25,63,100,5.82
317,Port Lincoln,AU,2021-09-21 19:59:08,-34.7333,135.8667,51.67,85,61,4.07
318,Cabo San Lucas,MX,2021-09-21 19:55:27,22.8909,-109.9124,93.61,72,81,4.54
319,Bima,ID,2021-09-21 19:59:09,-8.4667,118.7167,74.46,87,77,2.17
320,Visby,SE,2021-09-21 19:58:57,57.6409,18.296,46.62,81,90,3.44
321,Pemba,MZ,2021-09-21 19:59:09,-12.974,40.5178,75.9,88,75,9.22
322,Touros,BR,2021-09-21 19:59:10,-5.1989,-35.4608,83.3,75,28,12.88
323,Hearst,CA,2021-09-21 19:59:10,49.6835,-83.6665,46.65,93,100,10.07
324,Palauig,PH,2021-09-21 19:59:10,15.435,119.9045,80.38,75,97,4.38
325,Fare,PF,2021-09-21 19:59:11,-16.7,-151.0167,78.42,71,0,7.16
326,Clarksburg,US,2021-09-21 19:59:11,39.2807,-80.3445,80.71,76,97,6.78
327,Chapleau,CA,2021-09-21 19:59:11,47.8405,-83.4034,57.29,94,90,11.5
328,Clyde River,CA,2021-09-21 19:59:12,70.4692,-68.5914,30.43,86,90,2.3
329,Ampanihy,MG,2021-09-21 19:59:12,-24.7,44.75,64.98,89,20,4.74
330,Santo Antonio Do Leverger,BR,2021-09-21 19:59:12,-15.8656,-56.0767,106.18,9,8,2.77
331,Petatlan,MX,2021-09-21 19:59:13,17.5167,-101.2667,87.44,62,93,6.29
332,San Patricio,US,2021-09-21 19:59:13,28.017,-97.5169,97.52,42,4,12.39
333,Padang,ID,2021-09-21 19:59:13,-0.9492,100.3543,77.22,84,100,3.33
334,Odessa,UA,2021-09-21 19:54:23,46.4775,30.7326,51.73,62,75,15.66
335,Shuangcheng,CN,2021-09-21 19:59:14,45.35,126.2833,58.68,96,100,8.63
336,Melilla,ES,2021-09-21 19:59:14,35.2937,-2.9383,73.6,88,75,12.66
337,Shizunai,JP,2021-09-21 19:59:14,42.3339,142.3669,66.42,90,83,15.01
338,Lawton,US,2021-09-21 19:59:15,34.6087,-98.3903,80.82,30,99,17.0
339,Hamilton,US,2021-09-21 19:55:45,39.1834,-84.5333,75.76,88,90,1.01
340,Harpanahalli,IN,2021-09-21 19:59:15,14.8,75.9833,70.38,93,100,9.46
341,San Cristobal,VE,2021-09-21 19:59:16,7.7669,-72.225,78.98,83,100,5.99
342,Tuensang,IN,2021-09-21 19:59:16,26.2833,94.8333,67.68,99,100,2.46
343,Faya,SA,2021-09-21 19:59:16,18.3851,42.4509,64.92,44,96,7.76
344,Russell,US,2021-09-21 19:59:17,32.3502,-85.1999,89.96,72,75,3.44
345,Ambatondrazaka,MG,2021-09-21 19:59:17,-17.8333,48.4167,57.65,95,33,2.84
346,Lubao,PH,2021-09-21 19:59:17,14.9167,120.55,82.42,90,100,3.27
347,Sandane,NO,2021-09-21 19:59:18,61.7728,6.215,57.63,76,75,9.22
348,Mizdah,LY,2021-09-21 19:59:18,31.4451,12.9801,84.47,17,0,7.7
349,Agadir,MA,2021-09-21 19:58:34,30.4202,-9.5982,70.25,79,44,2.13
350,Mount Pleasant,US,2021-09-21 19:59:19,32.7941,-79.8626,80.08,95,75,3.0
351,Plaeng Yao,TH,2021-09-21 19:59:19,13.5847,101.284,78.53,97,95,5.64
352,Camacha,PT,2021-09-21 19:59:19,33.0833,-16.3333,70.56,68,40,14.97
353,Dingle,PH,2021-09-21 19:59:20,10.9995,122.6711,74.57,92,96,3.74
354,Nuuk,GL,2021-09-21 19:59:20,64.1835,-51.7216,34.83,60,99,1.12
355,Zhezkazgan,KZ,2021-09-21 19:59:20,47.8043,67.7144,45.39,41,97,11.39
356,Victoria Point,AU,2021-09-21 19:59:21,-27.5833,153.3,56.91,61,3,1.01
357,Skelleftea,SE,2021-09-21 19:59:21,64.7507,20.9528,39.99,66,20,2.3
358,Bambous Virieux,MU,2021-09-21 19:59:21,-20.3428,57.7575,70.05,68,40,13.8
359,Gisborne,NZ,2021-09-21 19:59:22,-38.6533,178.0042,52.95,77,100,6.69
360,Funtua,NG,2021-09-21 19:59:22,11.5233,7.3081,72.1,87,57,9.4
361,Algiers,DZ,2021-09-21 19:55:31,36.7525,3.042,69.62,83,40,4.61
362,Buala,SB,2021-09-21 19:59:22,-8.145,159.5921,79.75,83,69,6.46
363,Fairlie,GB,2021-09-21 19:59:23,55.756,-4.8556,61.39,85,100,4.0
364,Muravlenko,RU,2021-09-21 19:59:23,63.7898,74.523,33.03,83,99,12.19
365,Puerto Ayacucho,VE,2021-09-21 19:59:23,5.6639,-67.6236,83.16,72,100,1.52
366,Consuegra,ES,2021-09-21 19:59:24,39.4625,-3.608,65.23,56,1,13.82
367,Cravo Norte,CO,2021-09-21 19:59:24,6.3017,-70.2041,82.8,75,100,5.1
368,Pevek,RU,2021-09-21 19:59:24,69.7008,170.3133,25.83,86,68,7.23
369,Tateyama,JP,2021-09-21 19:59:25,34.9833,139.8667,73.42,87,100,2.68
370,Sorland,NO,2021-09-21 19:59:25,67.667,12.6934,51.87,90,100,39.39
371,Natitingou,BJ,2021-09-21 19:59:25,10.3042,1.3796,75.15,84,100,1.25
372,Burnie,AU,2021-09-21 19:59:26,-41.0667,145.9167,48.92,92,100,10.54
373,Aksha,RU,2021-09-21 19:59:26,50.2814,113.2867,50.83,86,73,4.25
374,Denpasar,ID,2021-09-21 19:55:00,-8.65,115.2167,80.26,94,40,6.91
375,Marion,US,2021-09-21 19:54:29,39.7684,-86.1555,77.58,78,90,13.8
376,Manta,EC,2021-09-21 19:59:27,-0.95,-80.7333,82.18,69,40,13.8
377,Karachi,PK,2021-09-21 19:59:27,24.9056,67.0822,84.02,74,75,11.5
378,Brae,GB,2021-09-21 19:59:27,60.3964,-1.353,57.11,86,61,32.5
379,Samarai,PG,2021-09-21 19:59:28,-10.6167,150.6667,78.17,82,97,14.23
380,Hualmay,PE,2021-09-21 19:59:28,-11.0964,-77.6139,66.7,73,26,10.54
381,Gotsu,JP,2021-09-21 19:59:28,35.0,132.2167,71.92,89,35,3.24
382,Nantucket,US,2021-09-21 19:56:27,41.2835,-70.0995,76.96,81,72,15.1
383,Chanal,MX,2021-09-21 19:59:29,16.7167,-92.4,72.54,54,57,8.1
384,Nautla,MX,2021-09-21 19:59:29,20.2167,-96.7833,85.89,72,98,8.03
385,Chara,RU,2021-09-21 19:59:30,56.9064,118.2631,50.27,83,93,1.77
386,Jaisinghnagar,IN,2021-09-21 19:59:30,23.7,81.3833,74.19,89,9,2.86
387,Menongue,AO,2021-09-21 19:59:30,-14.6585,17.691,72.16,22,15,5.53
388,Ambilobe,MG,2021-09-21 19:59:31,-13.2,49.05,70.61,72,26,5.48
389,Butere,KE,2021-09-21 19:59:31,0.2064,34.4935,63.12,92,83,3.76
390,Ahipara,NZ,2021-09-21 19:59:31,-35.1667,173.1667,59.72,85,100,16.37
391,Sabratah,LY,2021-09-21 19:59:32,32.7933,12.4885,83.39,58,39,11.77
392,Almaznyy,RU,2021-09-21 19:59:32,48.0448,40.045,53.74,64,96,8.5
393,Buraydah,SA,2021-09-21 19:59:32,26.326,43.975,88.25,19,4,7.76
394,Athabasca,CA,2021-09-21 19:59:33,54.7169,-113.2854,68.83,31,97,14.85
395,San Andres,CO,2021-09-21 19:55:36,12.5847,-81.7006,87.82,66,40,12.66
396,Anchorage,US,2021-09-21 19:56:52,61.2181,-149.9003,43.95,58,100,8.01
397,Vardo,NO,2021-09-21 19:59:33,70.3705,31.1107,41.2,73,34,26.04
398,Sadiqabad,PK,2021-09-21 19:59:34,28.3062,70.1307,91.2,45,61,1.95
399,Jimo,CN,2021-09-21 19:59:34,36.3897,120.4622,64.18,94,0,2.24
400,Manises,ES,2021-09-21 19:59:34,39.4914,-0.4635,69.28,62,20,8.05
401,Yumen,CN,2021-09-21 19:59:35,40.2833,97.2,63.18,31,100,7.63
402,Amurzet,RU,2021-09-21 19:59:35,47.6967,131.0981,53.38,97,100,14.54
403,Susurluk,TR,2021-09-21 19:59:35,39.9136,28.1578,64.9,81,84,9.51
404,Coihaique,CL,2021-09-21 19:59:36,-45.5752,-72.0662,65.01,51,0,8.05
405,Megion,RU,2021-09-21 19:59:36,61.0296,76.1136,33.82,93,99,8.61
406,Buluang,PH,2021-09-21 19:59:36,13.3068,123.3425,76.14,92,100,2.86
407,Straumen,NO,2021-09-21 19:59:37,63.8709,11.2999,55.35,85,100,3.47
408,Olafsvik,IS,2021-09-21 19:59:37,64.8945,-23.7142,40.5,86,100,23.8
409,Kirensk,RU,2021-09-21 19:59:37,57.7853,108.1119,35.8,94,85,1.41
410,Haines Junction,CA,2021-09-21 19:59:38,60.7522,-137.5108,33.75,86,100,10.36
411,Yantongshan,CN,2021-09-21 19:59:38,43.2919,126.0094,54.48,93,100,13.02
412,Sao Filipe,CV,2021-09-21 19:59:39,14.8961,-24.4956,80.62,78,42,5.23
413,Esperance,AU,2021-09-21 19:59:39,-33.8667,121.9,49.84,41,1,16.91
414,Saldanha,ZA,2021-09-21 19:59:39,-33.0117,17.9442,51.85,78,0,11.5
415,Dogondoutchi,NE,2021-09-21 19:59:40,13.6393,4.0287,91.4,40,31,9.64
416,Upernavik,GL,2021-09-21 19:59:40,72.7868,-56.1549,21.74,51,12,6.06
417,Jacareacanga,BR,2021-09-21 19:59:40,-6.2222,-57.7528,95.31,49,0,5.75
418,Ostersund,SE,2021-09-21 19:59:41,63.1792,14.6357,43.25,100,40,9.22
419,Palamos,ES,2021-09-21 19:59:41,41.8484,3.1291,69.12,68,45,8.01
420,Guanare,VE,2021-09-21 19:59:41,9.0418,-69.7421,77.72,92,100,2.3
421,La Belleza,CO,2021-09-21 19:59:42,5.8637,-73.9617,61.03,88,100,1.41
422,Oxelosund,SE,2021-09-21 19:59:42,58.6706,17.1015,48.58,87,0,2.3
423,Tatawin,TN,2021-09-21 19:59:42,32.9297,10.4518,90.48,66,50,6.31
424,Seymour,US,2021-09-21 19:59:43,38.9592,-85.8903,78.06,83,90,3.0
425,Atambua,ID,2021-09-21 19:59:43,-9.1061,124.8925,71.58,82,15,3.69
426,Tiarei,PF,2021-09-21 19:59:44,-17.5333,-149.3333,80.62,74,5,8.66
427,Cuamba,MZ,2021-09-21 19:59:44,-14.8031,36.5372,76.91,31,0,3.4
428,Kabanga,TZ,2021-09-21 19:59:44,-2.6386,30.4678,67.55,55,60,1.63
429,Ribeira Grande,PT,2021-09-21 19:59:45,38.5167,-28.7,72.0,83,40,12.66
430,Mokhsogollokh,RU,2021-09-21 19:59:45,61.4681,128.9203,29.68,93,3,4.5
431,Santa Clarita,US,2021-09-21 19:56:28,34.3917,-118.5426,99.28,17,0,1.99
432,Wewak,PG,2021-09-21 19:59:45,-3.5534,143.6268,79.2,87,100,6.08
433,Edd,ER,2021-09-21 19:59:46,13.9297,41.6925,90.0,65,47,5.77
434,Lata,PT,2021-09-21 19:59:46,40.1629,-8.3327,70.92,43,0,7.54
435,Berdigestyakh,RU,2021-09-21 19:59:47,62.0989,126.6992,33.96,83,27,9.75
436,Kieta,PG,2021-09-21 19:59:47,-6.2167,155.6333,78.48,86,100,5.08
437,Warrnambool,AU,2021-09-21 19:59:47,-38.3833,142.4833,51.82,90,100,10.25
438,Beloha,MG,2021-09-21 19:59:48,-25.1667,45.05,66.45,89,15,5.44
439,Kabo,CF,2021-09-21 19:59:48,7.6994,18.629,72.28,92,59,1.74
440,Kilindoni,TZ,2021-09-21 19:59:48,-7.9139,39.6668,76.39,80,0,13.02
441,Grindavik,IS,2021-09-21 19:59:49,63.8424,-22.4338,44.55,87,75,29.93
442,Golkoy,TR,2021-09-21 19:59:49,40.6875,37.6178,59.56,99,99,5.12
443,San Francisco Del Mar,MX,2021-09-21 19:59:49,16.2333,-94.65,90.25,63,7,15.68
444,Tahta,EG,2021-09-21 19:59:50,26.7693,31.5021,95.32,21,0,13.62
445,Chaohu,CN,2021-09-21 19:59:50,31.6,117.8667,71.71,83,5,5.77
446,Taltal,CL,2021-09-21 19:59:50,-25.4,-70.4833,61.66,68,39,7.4
447,Plettenberg Bay,ZA,2021-09-21 19:59:51,-34.0527,23.3716,53.51,81,2,5.84
448,Petropavlovsk-Kamchatskiy,RU,2021-09-21 19:59:51,53.0452,158.6483,37.99,93,0,6.71
449,Labuan,MY,2021-09-21 19:59:51,5.2767,115.2417,77.16,94,20,0.0
450,Katsuura,JP,2021-09-21 19:59:52,35.1333,140.3,73.51,91,100,1.72
451,Jinja,UG,2021-09-21 19:59:52,0.439,33.2032,65.53,92,99,4.07
452,Lavrentiya,RU,2021-09-21 19:59:52,65.5833,-171.0,32.92,64,13,8.52
453,Youghal,IE,2021-09-21 19:59:53,51.95,-7.8506,62.02,100,95,8.9
454,Haikou,CN,2021-09-21 19:55:46,20.0458,110.3417,78.93,94,20,0.0
455,Nabire,ID,2021-09-21 19:55:07,-3.3667,135.4833,74.37,94,100,4.21
456,Rio Gallegos,AR,2021-09-21 19:59:53,-51.6226,-69.2181,71.65,33,75,8.05
457,Eureka,US,2021-09-21 19:57:51,40.8021,-124.1637,91.63,52,29,5.99
458,Verkhnyaya Inta,RU,2021-09-21 19:59:54,65.9811,60.3094,38.08,95,100,7.16
459,Bimbo,CF,2021-09-21 19:59:54,4.2567,18.4158,84.13,79,20,0.0
460,Longyan,CN,2021-09-21 19:59:55,25.1072,117.0225,73.13,91,4,1.32
461,Nizhniy Baskunchak,RU,2021-09-21 19:59:55,48.2198,46.8311,63.36,82,100,9.8
462,Santa Branca,BR,2021-09-21 19:59:56,-23.3967,-45.8839,81.45,68,75,12.66
463,Sao Joaquim,BR,2021-09-21 19:59:56,-28.2939,-49.9317,51.53,71,97,7.05
464,Sobolevo,RU,2021-09-21 19:59:56,54.4299,31.8996,40.96,98,100,10.13
465,Hakkari,TR,2021-09-21 19:59:57,37.5833,44.1667,55.22,46,0,2.66
466,Coquimbo,CL,2021-09-21 19:59:57,-29.9533,-71.3436,58.73,72,75,9.22
467,Presque Isle,US,2021-09-21 19:59:57,46.6811,-68.0159,73.02,44,40,1.01
468,Zacualpan,MX,2021-09-21 19:59:58,21.25,-105.1667,88.72,68,29,8.93
469,Saint George,US,2021-09-21 19:59:10,37.1041,-113.5841,88.27,14,0,3.0
470,Kismayo,SO,2021-09-21 19:59:58,-0.3582,42.5454,76.82,85,12,13.56
471,Gweta,BW,2021-09-21 19:59:59,-20.1833,25.2333,81.5,20,34,7.76
472,Mnogovershinnyy,RU,2021-09-21 19:59:59,53.9353,139.9242,33.87,91,20,2.82
473,Bud,US,2021-09-21 19:59:59,39.447,-86.1758,77.31,81,100,5.79
474,Fecamp,FR,2021-09-21 20:00:00,49.7579,0.3746,58.08,75,95,6.78
475,Ugoofaaru,MV,2021-09-21 20:00:00,5.6667,73.0,82.83,76,12,16.62
476,Drovyanaya,RU,2021-09-21 20:00:01,51.5833,113.0333,45.91,92,14,7.92
477,Marfino,RU,2021-09-21 20:00:03,55.7028,37.3822,43.05,93,90,11.18
478,San Rafael,AR,2021-09-21 20:00:08,-34.6177,-68.3301,67.62,28,1,11.43
479,Alihe,CN,2021-09-21 20:00:09,50.5667,123.7167,46.24,96,100,4.16
480,Huilong,CN,2021-09-21 20:00:10,31.8111,121.655,73.98,80,0,7.65
481,Saint-Joseph,RE,2021-09-21 20:00:10,-21.3667,55.6167,64.78,72,20,9.13
482,Mecca,SA,2021-09-21 20:00:13,21.4267,39.8261,94.35,29,95,6.4
483,Vila Franca Do Campo,PT,2021-09-21 20:00:13,37.7167,-25.4333,72.01,76,32,9.35
484,Urengoy,RU,2021-09-21 20:00:14,65.9667,78.3667,33.91,81,100,12.8
485,Turukhansk,RU,2021-09-21 20:00:15,65.8167,87.9833,34.27,91,100,9.89
486,Rio Grande,BR,2021-09-21 19:55:32,-32.035,-52.0986,62.71,69,94,17.56
487,Dekar,BW,2021-09-21 20:00:16,-21.5333,21.9333,69.98,15,0,8.03
488,Bowen,AU,2021-09-21 20:00:16,-20.0167,148.2333,57.72,33,65,14.88
489,Micomeseng,GQ,2021-09-21 20:00:17,2.1462,10.6164,69.6,99,71,4.68
490,Winchester,GB,2021-09-21 20:00:17,51.0651,-1.3187,60.01,82,40,1.01
491,Naftalan,AZ,2021-09-21 20:00:17,40.5067,46.825,76.42,48,9,2.82
492,Hue,VN,2021-09-21 19:56:36,16.4667,107.6,80.71,78,40,4.61
493,Ngunguru,NZ,2021-09-21 20:00:18,-35.6167,174.5,61.16,85,100,17.34
494,Kathu,TH,2021-09-21 20:00:18,7.9178,98.3332,78.62,82,100,15.99
495,Ormstown,CA,2021-09-21 20:00:19,45.1334,-73.9992,77.9,35,100,12.95
496,Ler,SS,2021-09-21 20:00:19,8.3018,30.1418,69.28,99,100,3.83
497,Antalaha,MG,2021-09-21 20:00:20,-14.9003,50.2788,69.89,78,50,7.83
498,Yasnyy,RU,2021-09-21 20:00:20,51.0333,59.8742,41.59,49,72,6.33
499,Verkhniy Kurkuzhin,RU,2021-09-21 20:00:21,43.6956,43.2747,53.26,81,51,2.8
500,Harlingen,US,2021-09-21 19:59:10,26.1906,-97.6961,89.69,70,40,12.66
501,Kitimat,CA,2021-09-21 20:00:22,54.0524,-128.6534,53.91,41,100,4.43
502,Katobu,ID,2021-09-21 20:00:22,-4.9408,122.5276,71.64,97,100,4.92
503,Moron,AR,2021-09-21 20:00:23,-34.6534,-58.6198,63.01,53,17,5.01
504,Poum,NC,2021-09-21 20:00:24,-20.2333,164.0167,74.89,71,100,9.44
505,Ust-Nera,RU,2021-09-21 20:00:25,64.5667,143.2,30.16,77,9,3.24
506,Shaunavon,CA,2021-09-21 20:00:25,49.6501,-108.4181,64.24,23,5,10.29
507,Shebunino,RU,2021-09-21 20:00:26,46.4339,141.8603,55.17,89,100,16.28
508,Mastic Beach,US,2021-09-21 20:00:26,40.7668,-72.8521,78.1,74,75,1.01
509,Ust-Ilimsk,RU,2021-09-21 20:00:27,58.0006,102.6619,32.61,96,22,5.59
510,Pundaguitan,PH,2021-09-21 20:00:28,6.3711,126.1689,80.82,77,100,2.59
511,Peterhead,GB,2021-09-21 20:00:30,57.5058,-1.7981,59.4,81,99,14.56
512,Tirumullaivasal,IN,2021-09-21 20:00:30,11.2333,79.8333,81.3,79,71,12.01
513,Oberstdorf,DE,2021-09-21 20:00:31,47.4,10.2833,53.8,95,75,2.28
514,Dargaville,NZ,2021-09-21 20:00:32,-35.9333,173.8833,58.89,83,100,9.4
515,Sonoita,MX,2021-09-21 20:00:32,31.85,-112.8333,97.54,17,0,1.7
516,Biu,NG,2021-09-21 20:00:33,10.6129,12.1946,69.69,91,98,3.0
517,Surman,LY,2021-09-21 20:00:34,32.7567,12.5716,83.86,55,35,10.65
518,Arcachon,FR,2021-09-21 20:00:34,44.5875,-1.0519,64.72,82,75,9.22
519,Camana,PE,2021-09-21 20:00:34,-16.6228,-72.7111,64.65,77,94,10.31
520,Monte Carmelo,BR,2021-09-21 20:00:35,-18.7247,-47.4986,95.97,15,76,9.37
521,Xuddur,SO,2021-09-21 20:00:36,4.1213,43.8894,74.35,54,61,19.3
522,Praia Da Vitoria,PT,2021-09-21 20:00:37,38.7333,-27.0667,72.75,77,6,9.04
523,Tarata,BO,2021-09-21 20:00:37,-17.6167,-66.0167,64.67,47,100,11.25
524,Port Blair,IN,2021-09-21 20:00:38,11.6667,92.75,78.82,85,100,15.79
525,Stropkov,SK,2021-09-21 20:00:39,49.2021,21.6522,53.2,77,100,3.29
526,Abha,SA,2021-09-21 20:00:39,18.2164,42.5053,67.15,47,91,9.37
527,Kargopol,RU,2021-09-21 20:00:40,61.5071,38.9456,35.67,91,100,5.68
528,Marawi,PH,2021-09-21 20:00:40,7.9986,124.2928,65.64,95,71,3.06
529,Hope,US,2021-09-21 19:58:39,33.6671,-93.5916,82.45,89,99,10.85
530,Penarroya-Pueblonuevo,ES,2021-09-21 20:00:41,38.3,-5.2667,69.46,38,0,7.87
531,Dezhou,CN,2021-09-21 20:00:42,37.4486,116.2925,63.16,84,1,7.16
532,Chitral,PK,2021-09-21 20:00:42,35.8462,71.7858,70.18,65,0,2.68
533,Lompoc,US,2021-09-21 20:00:43,34.6391,-120.4579,100.54,51,11,5.01
534,Vila Velha,BR,2021-09-21 19:57:32,-20.3297,-40.2925,85.95,62,0,10.36
535,Aanekoski,FI,2021-09-21 20:00:44,62.6946,25.818,37.67,100,14,2.82
536,Conde,BR,2021-09-21 20:00:44,-7.2597,-34.9075,76.77,74,11,8.84
537,Ostrovnoy,RU,2021-09-21 20:00:45,68.0531,39.5131,35.65,87,3,9.46
538,Drayton Valley,CA,2021-09-21 20:00:46,53.2168,-114.9854,63.91,34,85,12.91
539,Naze,JP,2021-09-21 20:00:46,28.3667,129.4833,75.85,76,7,4.47
540,Aguimes,ES,2021-09-21 20:00:47,27.9054,-15.4461,72.23,66,40,21.85
541,San Jose,US,2021-09-21 19:55:59,37.3394,-121.895,98.91,31,1,5.75
542,Bonavista,CA,2021-09-21 20:00:48,48.6499,-53.1147,62.11,65,73,11.41
543,Sao Felix Do Xingu,BR,2021-09-21 20:00:49,-6.6447,-51.995,101.05,19,92,6.31
544,Szczytno,PL,2021-09-21 20:00:50,53.5626,20.9875,49.93,76,40,5.75
545,Dongsheng,CN,2021-09-21 20:00:50,39.8161,109.9776,61.05,30,1,8.52
546,Pucara,PE,2021-09-21 20:00:51,-15.9803,-71.4606,41.05,64,100,2.15
547,Fujin,CN,2021-09-21 20:00:52,47.26,132.0322,54.84,98,100,9.62
548,Soyo,AO,2021-09-21 20:00:52,-6.1349,12.3689,75.42,86,27,7.16
549,Presidente Medici,BR,2021-09-21 20:00:53,-11.1753,-61.9014,86.76,48,62,4.9
550,Hokitika,NZ,2021-09-21 20:00:54,-42.7167,170.9667,48.76,83,100,4.74
551,Katangli,RU,2021-09-21 20:00:54,51.7102,143.2326,47.17,76,100,10.09
552,Bilibino,RU,2021-09-21 20:00:55,68.0546,166.4372,16.38,85,78,3.18
553,Siuna,NI,2021-09-21 20:00:56,13.7332,-84.7773,86.18,64,30,5.79
554,Enshi,CN,2021-09-21 20:00:56,30.3,109.4833,64.29,88,0,0.6
555,Summerside,CA,2021-09-21 20:00:56,46.3959,-63.7876,70.68,52,4,16.53
556,Makubetsu,JP,2021-09-21 20:00:57,45.3714,141.8211,58.1,93,100,7.72
557,Khartoum,SD,2021-09-21 19:56:12,15.5518,32.5324,94.01,31,89,20.76
558,Loa Janan,ID,2021-09-21 20:00:58,-0.583,117.095,71.31,99,88,3.02
559,Honiara,SB,2021-09-21 20:00:58,-9.4333,159.95,77.2,84,5,4.52
560,Kokopo,PG,2021-09-21 20:00:59,-4.352,152.2633,75.97,86,100,5.86
